frame,joint,x,y
0,nose,1433,526
0,poll,1319,335
0,withers,1007,272
0,spine_1,886,259
0,spine_2,732,239
0,spine_3,578,218
0,hip,432,280
0,tail_base,356,263
0,knee_front_left,978,768
0,knee_front_right,919,762
0,hock_rear_left,372,623
0,hock_rear_right,490,670
0,hoof_front_left,999,931
0,hoof_front_right,831,892
0,hoof_rear_left,407,863
0,hoof_rear_right,629,906
1,nose,1439,530
1,poll,1326,341
1,withers,997,274
1,spine_1,900,267
1,spine_2,740,245
1,spine_3,582,222
1,hip,436,292
1,tail_base,366,274
1,knee_front_left,974,779
1,knee_front_right,956,783
1,hock_rear_left,370,629
1,hock_rear_right,496,678
1,hoof_front_left,985,929
1,hoof_front_right,886,904
1,hoof_rear_left,399,863
1,hoof_rear_right,629,906
2,nose,1457,540
2,poll,1340,343
2,withers,1003,267
2,spine_1,894,261
2,spine_2,755,249
2,spine_3,607,228
2,hip,430,296
2,tail_base,370,278
2,knee_front_left,960,762
2,knee_front_right,1007,770
2,hock_rear_left,377,629
2,hock_rear_right,492,686
2,hoof_front_left,987,937
2,hoof_front_right,944,925
2,hoof_rear_left,399,867
2,hoof_rear_right,621,910
3,nose,1461,543
3,poll,1346,345
3,withers,1007,272
3,spine_1,904,265
3,spine_2,728,245
3,spine_3,582,226
3,hip,452,300
3,tail_base,372,282
3,knee_front_left,962,773
3,knee_front_right,1046,771
3,hock_rear_left,377,633
3,hock_rear_right,485,686
3,hoof_front_left,966,927
3,hoof_front_right,1022,927
3,hoof_rear_left,393,865
3,hoof_rear_right,617,916
4,nose,1469,547
4,poll,1359,347
4,withers,1032,270
4,spine_1,913,265
4,spine_2,720,245
4,spine_3,574,222
4,hip,469,304
4,tail_base,379,280
4,knee_front_left,958,773
4,knee_front_right,1085,768
4,hock_rear_left,379,629
4,hock_rear_right,483,688
4,hoof_front_left,972,927
4,hoof_front_right,1094,937
4,hoof_rear_left,377,857
4,hoof_rear_right,607,910
5,nose,1484,557
5,poll,1365,348
5,withers,1038,272
5,spine_1,927,265
5,spine_2,752,245
5,spine_3,603,228
5,hip,475,306
5,tail_base,381,286
5,knee_front_left,954,771
5,knee_front_right,1120,775
5,hock_rear_left,383,635
5,hock_rear_right,479,684
5,hoof_front_left,966,927
5,hoof_front_right,1155,949
5,hoof_rear_left,372,851
5,hoof_rear_right,613,914
6,nose,1492,553
6,poll,1369,347
6,withers,1054,274
6,spine_1,939,265
6,spine_2,791,243
6,spine_3,609,224
6,hip,469,294
6,tail_base,391,278
6,knee_front_left,958,764
6,knee_front_right,1139,762
6,hock_rear_left,391,633
6,hock_rear_right,475,676
6,hoof_front_left,958,925
6,hoof_front_right,1190,943
6,hoof_rear_left,362,842
6,hoof_rear_right,598,906
7,nose,1508,553
7,poll,1381,348
7,withers,1063,274
7,spine_1,950,265
7,spine_2,796,247
7,spine_3,613,224
7,hip,526,306
7,tail_base,399,282
7,knee_front_left,950,766
7,knee_front_right,1159,756
7,hock_rear_left,391,629
7,hock_rear_right,475,674
7,hoof_front_left,952,925
7,hoof_front_right,1215,953
7,hoof_rear_left,366,851
7,hoof_rear_right,600,906
8,nose,1519,553
8,poll,1395,352
8,withers,1061,270
8,spine_1,935,255
8,spine_2,765,247
8,spine_3,627,222
8,hip,490,292
8,tail_base,418,270
8,knee_front_left,956,744
8,knee_front_right,1170,766
8,hock_rear_left,403,621
8,hock_rear_right,469,672
8,hoof_front_left,946,924
8,hoof_front_right,1235,957
8,hoof_rear_left,364,848
8,hoof_rear_right,582,900
9,nose,1529,551
9,poll,1408,347
9,withers,1094,278
9,spine_1,972,259
9,spine_2,796,241
9,spine_3,623,214
9,hip,508,284
9,tail_base,422,267
9,knee_front_left,946,758
9,knee_front_right,1184,779
9,hock_rear_left,413,612
9,hock_rear_right,471,658
9,hoof_front_left,937,914
9,hoof_front_right,1243,955
9,hoof_rear_left,368,834
9,hoof_rear_right,580,894
10,nose,1541,553
10,poll,1422,354
10,withers,1096,278
10,spine_1,978,259
10,spine_2,818,239
10,spine_3,660,224
10,hip,508,292
10,tail_base,436,265
10,knee_front_left,946,756
10,knee_front_right,1178,775
10,hock_rear_left,420,602
10,hock_rear_right,477,656
10,hoof_front_left,929,914
10,hoof_front_right,1241,961
10,hoof_rear_left,379,822
10,hoof_rear_right,584,896
11,nose,1552,553
11,poll,1437,354
11,withers,1126,288
11,spine_1,985,265
11,spine_2,822,243
11,spine_3,656,216
11,hip,504,292
11,tail_base,442,265
11,knee_front_left,948,756
11,knee_front_right,1176,787
11,hock_rear_left,434,598
11,hock_rear_right,469,651
11,hoof_front_left,921,912
11,hoof_front_right,1233,963
11,hoof_rear_left,411,816
11,hoof_rear_right,572,896
12,nose,1562,549
12,poll,1439,347
12,withers,1133,282
12,spine_1,997,265
12,spine_2,806,239
12,spine_3,644,214
12,hip,520,290
12,tail_base,442,267
12,knee_front_left,942,770
12,knee_front_right,1178,781
12,hock_rear_left,459,578
12,hock_rear_right,455,649
12,hoof_front_left,917,922
12,hoof_front_right,1225,963
12,hoof_rear_left,428,826
12,hoof_rear_right,561,896
13,nose,1562,549
13,poll,1439,350
13,withers,1126,282
13,spine_1,997,259
13,spine_2,853,241
13,spine_3,681,220
13,hip,518,292
13,tail_base,448,259
13,knee_front_left,937,756
13,knee_front_right,1161,785
13,hock_rear_left,477,602
13,hock_rear_right,455,641
13,hoof_front_left,907,920
13,hoof_front_right,1213,964
13,hoof_rear_left,469,830
13,hoof_rear_right,553,900
14,nose,1566,543
14,poll,1439,341
14,withers,1116,282
14,spine_1,997,259
14,spine_2,857,241
14,spine_3,681,222
14,hip,510,294
14,tail_base,442,265
14,knee_front_left,935,760
14,knee_front_right,1153,787
14,hock_rear_left,483,561
14,hock_rear_right,438,633
14,hoof_front_left,888,916
14,hoof_front_right,1213,961
14,hoof_rear_left,529,783
14,hoof_rear_right,531,894
15,nose,1568,541
15,poll,1437,337
15,withers,1110,284
15,spine_1,981,253
15,spine_2,804,241
15,spine_3,664,216
15,hip,496,288
15,tail_base,442,259
15,knee_front_left,917,766
15,knee_front_right,1137,775
15,hock_rear_left,502,629
15,hock_rear_right,428,621
15,hoof_front_left,878,910
15,hoof_front_right,1188,961
15,hoof_rear_left,557,849
15,hoof_rear_right,506,892
16,nose,1552,540
16,poll,1420,327
16,withers,1104,269
16,spine_1,983,255
16,spine_2,789,235
16,spine_3,635,210
16,hip,489,284
16,tail_base,428,255
16,knee_front_left,900,773
16,knee_front_right,1112,783
16,hock_rear_left,518,639
16,hock_rear_right,407,623
16,hoof_front_left,849,910
16,hoof_front_right,1159,957
16,hoof_rear_left,598,848
16,hoof_rear_right,483,888
17,nose,1543,532
17,poll,1404,323
17,withers,1102,270
17,spine_1,954,247
17,spine_2,804,241
17,spine_3,650,218
17,hip,481,284
17,tail_base,420,259
17,knee_front_left,900,770
17,knee_front_right,1091,779
17,hock_rear_left,527,643
17,hock_rear_right,395,627
17,hoof_front_left,833,910
17,hoof_front_right,1128,951
17,hoof_rear_left,629,875
17,hoof_rear_right,455,887
18,nose,1539,522
18,poll,1412,321
18,withers,1079,269
18,spine_1,976,245
18,spine_2,810,237
18,spine_3,654,216
18,hip,477,286
18,tail_base,418,259
18,knee_front_left,925,756
18,knee_front_right,1077,779
18,hock_rear_left,553,653
18,hock_rear_right,385,616
18,hoof_front_left,824,900
18,hoof_front_right,1108,951
18,hoof_rear_left,660,883
18,hoof_rear_right,440,888
19,nose,1539,528
19,poll,1418,317
19,withers,1093,265
19,spine_1,956,245
19,spine_2,789,233
19,spine_3,637,210
19,hip,475,286
19,tail_base,407,257
19,knee_front_left,946,770
19,knee_front_right,1067,773
19,hock_rear_left,584,662
19,hock_rear_right,370,627
19,hoof_front_left,847,904
19,hoof_front_right,1094,953
19,hoof_rear_left,703,887
19,hoof_rear_right,424,892
20,nose,1539,524
20,poll,1410,317
20,withers,1085,257
20,spine_1,978,245
20,spine_2,816,233
20,spine_3,648,214
20,hip,481,292
20,tail_base,407,263
20,knee_front_left,987,770
20,knee_front_right,1057,766
20,hock_rear_left,605,668
20,hock_rear_right,362,623
20,hoof_front_left,880,887
20,hoof_front_right,1077,945
20,hoof_rear_left,736,894
20,hoof_rear_right,407,885
21,nose,1539,530
21,poll,1422,319
21,withers,1094,259
21,spine_1,980,245
21,spine_2,831,239
21,spine_3,654,218
21,hip,483,292
21,tail_base,411,265
21,knee_front_left,1007,793
21,knee_front_right,1040,764
21,hock_rear_left,607,680
21,hock_rear_right,356,617
21,hoof_front_left,909,890
21,hoof_front_right,1067,947
21,hoof_rear_left,769,908
21,hoof_rear_right,401,887
22,nose,1541,536
22,poll,1416,317
22,withers,1081,255
22,spine_1,952,245
22,spine_2,800,237
22,spine_3,650,214
22,hip,487,292
22,tail_base,409,269
22,knee_front_left,1061,779
22,knee_front_right,1030,779
22,hock_rear_left,607,686
22,hock_rear_right,346,623
22,hoof_front_left,983,922
22,hoof_front_right,1055,957
22,hoof_rear_left,775,908
22,hoof_rear_right,399,894
23,nose,1545,540
23,poll,1424,319
23,withers,1094,257
23,spine_1,970,247
23,spine_2,810,239
23,spine_3,660,218
23,hip,481,296
23,tail_base,413,265
23,knee_front_left,1102,770
23,knee_front_right,1024,775
23,hock_rear_left,590,662
23,hock_rear_right,350,619
23,hoof_front_left,1061,883
23,hoof_front_right,1030,941
23,hoof_rear_left,746,910
23,hoof_rear_right,374,883
24,nose,1548,549
24,poll,1443,331
24,withers,1110,259
24,spine_1,978,245
24,spine_2,820,241
24,spine_3,648,216
24,hip,498,309
24,tail_base,413,265
24,knee_front_left,1137,748
24,knee_front_right,1015,762
24,hock_rear_left,582,688
24,hock_rear_right,348,619
24,hoof_front_left,1110,900
24,hoof_front_right,1028,951
24,hoof_rear_left,726,912
24,hoof_rear_right,358,883
25,nose,1550,545
25,poll,1439,331
25,withers,1131,269
25,spine_1,981,251
25,spine_2,829,233
25,spine_3,678,228
25,hip,494,296
25,tail_base,422,265
25,knee_front_left,1172,754
25,knee_front_right,1009,760
25,hock_rear_left,578,680
25,hock_rear_right,348,619
25,hoof_front_left,1161,902
25,hoof_front_right,1013,941
25,hoof_rear_left,718,906
25,hoof_rear_right,342,879
26,nose,1564,545
26,poll,1445,327
26,withers,1124,261
26,spine_1,980,245
26,spine_2,833,233
26,spine_3,672,224
26,hip,510,302
26,tail_base,426,263
26,knee_front_left,1202,742
26,knee_front_right,991,766
26,hock_rear_left,565,688
26,hock_rear_right,344,617
26,hoof_front_left,1217,924
26,hoof_front_right,1003,945
26,hoof_rear_left,707,908
26,hoof_rear_right,321,879
27,nose,1568,553
27,poll,1451,345
27,withers,1130,267
27,spine_1,989,247
27,spine_2,837,233
27,spine_3,658,218
27,hip,516,306
27,tail_base,424,257
27,knee_front_left,1231,746
27,knee_front_right,997,762
27,hock_rear_left,549,676
27,hock_rear_right,346,612
27,hoof_front_left,1260,920
27,hoof_front_right,987,943
27,hoof_rear_left,705,900
27,hoof_rear_right,315,869
28,nose,1578,549
28,poll,1447,345
28,withers,1149,269
28,spine_1,1007,241
28,spine_2,849,231
28,spine_3,668,216
28,hip,527,313
28,tail_base,424,255
28,knee_front_left,1254,754
28,knee_front_right,991,756
28,hock_rear_left,547,666
28,hock_rear_right,344,614
28,hoof_front_left,1283,914
28,hoof_front_right,980,937
28,hoof_rear_left,687,896
28,hoof_rear_right,309,867
29,nose,1585,549
29,poll,1461,343
29,withers,1151,274
29,spine_1,1013,249
29,spine_2,857,235
29,spine_3,679,222
29,hip,512,298
29,tail_base,434,263
29,knee_front_left,1264,760
29,knee_front_right,985,750
29,hock_rear_left,545,666
29,hock_rear_right,354,610
29,hoof_front_left,1320,937
29,hoof_front_right,958,931
29,hoof_rear_left,678,900
29,hoof_rear_right,294,865
30,nose,1585,551
30,poll,1469,335
30,withers,1170,280
30,spine_1,1061,249
30,spine_2,894,233
30,spine_3,701,216
30,hip,526,313
30,tail_base,442,269
30,knee_front_left,1262,762
30,knee_front_right,980,756
30,hock_rear_left,529,666
30,hock_rear_right,352,610
30,hoof_front_left,1324,937
30,hoof_front_right,954,933
30,hoof_rear_left,664,898
30,hoof_rear_right,300,865
31,nose,1597,553
31,poll,1470,337
31,withers,1180,282
31,spine_1,1024,253
31,spine_2,865,233
31,spine_3,701,214
31,hip,547,304
31,tail_base,461,259
31,knee_front_left,1262,781
31,knee_front_right,978,756
31,hock_rear_left,526,656
31,hock_rear_right,362,600
31,hoof_front_left,1319,945
31,hoof_front_right,950,937
31,hoof_rear_left,650,900
31,hoof_rear_right,307,851
32,nose,1609,543
32,poll,1484,341
32,withers,1188,284
32,spine_1,1040,257
32,spine_2,872,231
32,spine_3,709,214
32,hip,561,294
32,tail_base,461,253
32,knee_front_left,1250,773
32,knee_front_right,976,756
32,hock_rear_left,526,655
32,hock_rear_right,377,602
32,hoof_front_left,1309,939
32,hoof_front_right,937,933
32,hoof_rear_left,646,896
32,hoof_rear_right,315,855
33,nose,1617,540
33,poll,1482,337
33,withers,1172,274
33,spine_1,1050,255
33,spine_2,929,241
33,spine_3,716,218
33,hip,547,302
33,tail_base,471,261
33,knee_front_left,1239,775
33,knee_front_right,978,758
33,hock_rear_left,526,662
33,hock_rear_right,403,608
33,hoof_front_left,1297,931
33,hoof_front_right,921,935
33,hoof_rear_left,646,900
33,hoof_rear_right,344,851
34,nose,1622,536
34,poll,1494,335
34,withers,1190,278
34,spine_1,1055,255
34,spine_2,892,235
34,spine_3,726,210
34,hip,557,292
34,tail_base,463,251
34,knee_front_left,1231,779
34,knee_front_right,968,756
34,hock_rear_left,520,649
34,hock_rear_right,413,608
34,hoof_front_left,1280,941
34,hoof_front_right,915,937
34,hoof_rear_left,621,900
34,hoof_rear_right,385,867
35,nose,1622,532
35,poll,1490,333
35,withers,1172,270
35,spine_1,1052,251
35,spine_2,900,237
35,spine_3,730,214
35,hip,551,304
35,tail_base,465,265
35,knee_front_left,1225,766
35,knee_front_right,970,752
35,hock_rear_left,510,655
35,hock_rear_right,432,612
35,hoof_front_left,1268,933
35,hoof_front_right,905,933
35,hoof_rear_left,605,892
35,hoof_rear_right,428,887
36,nose,1628,530
36,poll,1500,325
36,withers,1169,265
36,spine_1,1046,245
36,spine_2,886,235
36,spine_3,726,206
36,hip,545,292
36,tail_base,463,249
36,knee_front_left,1206,771
36,knee_front_right,958,752
36,hock_rear_left,514,649
36,hock_rear_right,453,614
36,hoof_front_left,1254,945
36,hoof_front_right,888,941
36,hoof_rear_left,586,894
36,hoof_rear_right,489,885
37,nose,1632,516
37,poll,1492,317
37,withers,1178,265
37,spine_1,1048,241
37,spine_2,894,233
37,spine_3,748,210
37,hip,545,288
37,tail_base,459,237
37,knee_front_left,1192,775
37,knee_front_right,952,760
37,hock_rear_left,510,627
37,hock_rear_right,471,625
37,hoof_front_left,1235,935
37,hoof_front_right,878,920
37,hoof_rear_left,516,828
37,hoof_rear_right,543,908
38,nose,1622,516
38,poll,1492,319
38,withers,1161,259
38,spine_1,1018,241
38,spine_2,894,237
38,spine_3,715,214
38,hip,531,296
38,tail_base,463,239
38,knee_front_left,1178,762
38,knee_front_right,962,770
38,hock_rear_left,463,629
38,hock_rear_right,492,647
38,hoof_front_left,1215,941
38,hoof_front_right,857,931
38,hoof_rear_left,539,879
38,hoof_rear_right,594,910
39,nose,1605,512
39,poll,1478,313
39,withers,1161,261
39,spine_1,1032,241
39,spine_2,870,237
39,spine_3,715,214
39,hip,526,286
39,tail_base,455,243
39,knee_front_left,1151,771
39,knee_front_right,968,770
39,hock_rear_left,442,629
39,hock_rear_right,500,653
39,hoof_front_left,1180,941
39,hoof_front_right,847,910
39,hoof_rear_left,510,892
39,hoof_rear_right,642,920
40,nose,1597,502
40,poll,1470,308
40,withers,1143,259
40,spine_1,1013,243
40,spine_2,859,228
40,spine_3,678,200
40,hip,496,290
40,tail_base,446,230
40,knee_front_left,1124,773
40,knee_front_right,985,775
40,hock_rear_left,432,629
40,hock_rear_right,520,662
40,hoof_front_left,1159,945
40,hoof_front_right,863,898
40,hoof_rear_left,483,892
40,hoof_rear_right,672,931
41,nose,1589,502
41,poll,1463,309
41,withers,1120,251
41,spine_1,1009,241
41,spine_2,818,218
41,spine_3,660,196
41,hip,487,304
41,tail_base,436,235
41,knee_front_left,1102,771
41,knee_front_right,1013,779
41,hock_rear_left,411,629
41,hock_rear_right,543,670
41,hoof_front_left,1131,941
41,hoof_front_right,905,896
41,hoof_rear_left,450,887
41,hoof_rear_right,699,929
42,nose,1582,506
42,poll,1457,302
42,withers,1098,245
42,spine_1,981,231
42,spine_2,829,214
42,spine_3,646,192
42,hip,492,284
42,tail_base,436,231
42,knee_front_left,1094,771
42,knee_front_right,1042,779
42,hock_rear_left,401,637
42,hock_rear_right,555,678
42,hoof_front_left,1106,935
42,hoof_front_right,950,900
42,hoof_rear_left,438,887
42,hoof_rear_right,705,929
43,nose,1578,504
43,poll,1451,304
43,withers,1120,255
43,spine_1,983,239
43,spine_2,833,214
43,spine_3,650,198
43,hip,481,300
43,tail_base,430,239
43,knee_front_left,1061,770
43,knee_front_right,1079,783
43,hock_rear_left,385,631
43,hock_rear_right,549,684
43,hoof_front_left,1054,933
43,hoof_front_right,1001,902
43,hoof_rear_left,413,883
43,hoof_rear_right,701,933
44,nose,1576,504
44,poll,1455,302
44,withers,1116,249
44,spine_1,1017,239
44,spine_2,847,218
44,spine_3,672,204
44,hip,481,296
44,tail_base,420,251
44,knee_front_left,1054,756
44,knee_front_right,1116,762
44,hock_rear_left,376,625
44,hock_rear_right,533,686
44,hoof_front_left,1040,900
44,hoof_front_right,1085,937
44,hoof_rear_left,399,885
44,hoof_rear_right,695,929
45,nose,1580,514
45,poll,1455,304
45,withers,1126,245
45,spine_1,1013,237
45,spine_2,845,218
45,spine_3,646,204
45,hip,479,300
45,tail_base,407,257
45,knee_front_left,1048,756
45,knee_front_right,1149,746
45,hock_rear_left,372,623
45,hock_rear_right,518,680
45,hoof_front_left,1048,941
45,hoof_front_right,1126,927
45,hoof_rear_left,377,890
45,hoof_rear_right,672,929
46,nose,1582,508
46,poll,1459,311
46,withers,1131,255
46,spine_1,1018,237
46,spine_2,865,220
46,spine_3,672,208
46,hip,508,306
46,tail_base,407,259
46,knee_front_left,1040,762
46,knee_front_right,1178,738
46,hock_rear_left,366,637
46,hock_rear_right,504,686
46,hoof_front_left,1032,937
46,hoof_front_right,1188,935
46,hoof_rear_left,364,875
46,hoof_rear_right,650,927
47,nose,1582,512
47,poll,1463,313
47,withers,1130,251
47,spine_1,1020,237
47,spine_2,859,220
47,spine_3,656,206
47,hip,504,308
47,tail_base,399,267
47,knee_front_left,1022,768
47,knee_front_right,1192,736
47,hock_rear_left,366,633
47,hock_rear_right,496,686
47,hoof_front_left,1022,937
47,hoof_front_right,1235,937
47,hoof_rear_left,346,879
47,hoof_rear_right,654,937
48,nose,1583,526
48,poll,1453,313
48,withers,1130,253
48,spine_1,991,241
48,spine_2,853,224
48,spine_3,648,206
48,hip,479,309
48,tail_base,413,274
48,knee_front_left,1213,732
48,knee_front_right,1018,748
48,hock_rear_left,368,623
48,hock_rear_right,485,684
48,hoof_front_left,1274,937
48,hoof_front_right,1013,933
48,hoof_rear_left,331,871
48,hoof_rear_right,631,931
49,nose,1585,516
49,poll,1455,317
49,withers,1151,269
49,spine_1,1015,237
49,spine_2,859,224
49,spine_3,654,214
49,hip,492,304
49,tail_base,413,270
49,knee_front_left,1003,756
49,knee_front_right,1229,752
49,hock_rear_left,364,635
49,hock_rear_right,479,684
49,hoof_front_left,985,931
49,hoof_front_right,1297,949
49,hoof_rear_left,329,865
49,hoof_rear_right,607,925
50,nose,1597,514
50,poll,1457,315
50,withers,1149,257
50,spine_1,1020,239
50,spine_2,849,224
50,spine_3,644,210
50,hip,485,296
50,tail_base,414,253
50,knee_front_left,997,758
50,knee_front_right,1227,762
50,hock_rear_left,366,629
50,hock_rear_right,465,680
50,hoof_front_left,978,929
50,hoof_front_right,1297,949
50,hoof_rear_left,317,863
50,hoof_rear_right,602,924
51,nose,1603,508
51,poll,1467,317
51,withers,1137,269
51,spine_1,999,233
51,spine_2,851,216
51,spine_3,648,204
51,hip,502,294
51,tail_base,424,247
51,knee_front_left,985,756
51,knee_front_right,1227,762
51,hock_rear_left,376,621
51,hock_rear_right,453,670
51,hoof_front_left,964,937
51,hoof_front_right,1289,953
51,hoof_rear_left,323,857
51,hoof_rear_right,584,924
52,nose,1601,512
52,poll,1455,311
52,withers,1172,267
52,spine_1,1032,245
52,spine_2,882,222
52,spine_3,670,210
52,hip,512,292
52,tail_base,434,241
52,knee_front_left,983,748
52,knee_front_right,1204,766
52,hock_rear_left,374,617
52,hock_rear_right,455,668
52,hoof_front_left,956,925
52,hoof_front_right,1276,939
52,hoof_rear_left,333,851
52,hoof_rear_right,568,927
53,nose,1615,514
53,poll,1469,306
53,withers,1172,259
53,spine_1,1044,241
53,spine_2,892,218
53,spine_3,678,206
53,hip,508,286
53,tail_base,442,237
53,knee_front_left,976,756
53,knee_front_right,1206,766
53,hock_rear_left,389,610
53,hock_rear_right,450,660
53,hoof_front_left,944,924
53,hoof_front_right,1270,951
53,hoof_rear_left,360,844
53,hoof_rear_right,555,922
54,nose,1622,508
54,poll,1480,304
54,withers,1172,259
54,spine_1,1046,237
54,spine_2,884,218
54,spine_3,664,204
54,hip,526,298
54,tail_base,442,257
54,knee_front_left,974,758
54,knee_front_right,1190,760
54,hock_rear_left,407,608
54,hock_rear_right,444,660
54,hoof_front_left,929,927
54,hoof_front_right,1246,943
54,hoof_rear_left,409,824
54,hoof_rear_right,553,922
55,nose,1624,502
55,poll,1496,300
55,withers,1172,255
55,spine_1,1050,239
55,spine_2,886,220
55,spine_3,681,206
55,hip,527,294
55,tail_base,440,247
55,knee_front_left,966,758
55,knee_front_right,1190,766
55,hock_rear_left,438,616
55,hock_rear_right,442,653
55,hoof_front_left,921,927
55,hoof_front_right,1250,953
55,hoof_rear_left,434,855
55,hoof_rear_right,549,925
56,nose,1636,502
56,poll,1496,296
56,withers,1176,263
56,spine_1,1048,235
56,spine_2,888,218
56,spine_3,679,204
56,hip,529,292
56,tail_base,457,243
56,knee_front_left,964,760
56,knee_front_right,1184,770
56,hock_rear_left,479,629
56,hock_rear_right,438,645
56,hoof_front_left,905,924
56,hoof_front_right,1229,945
56,hoof_rear_left,516,814
56,hoof_rear_right,527,922
57,nose,1646,499
57,poll,1504,296
57,withers,1180,257
57,spine_1,1054,233
57,spine_2,861,218
57,spine_3,689,200
57,hip,526,304
57,tail_base,438,259
57,knee_front_left,970,756
57,knee_front_right,1170,760
57,hock_rear_left,510,668
57,hock_rear_right,434,651
57,hoof_front_left,905,920
57,hoof_front_right,1213,941
57,hoof_rear_left,568,875
57,hoof_rear_right,518,920
58,nose,1648,495
58,poll,1511,292
58,withers,1180,251
58,spine_1,1054,231
58,spine_2,878,212
58,spine_3,683,191
58,hip,522,286
58,tail_base,457,255
58,knee_front_left,978,754
58,knee_front_right,1169,762
58,hock_rear_left,543,668
58,hock_rear_right,442,649
58,hoof_front_left,900,910
58,hoof_front_right,1213,947
58,hoof_rear_left,627,883
58,hoof_rear_right,506,914
59,nose,1654,483
59,poll,1521,290
59,withers,1190,245
59,spine_1,1059,228
59,spine_2,896,208
59,spine_3,701,196
59,hip,533,280
59,tail_base,477,237
59,knee_front_left,987,754
59,knee_front_right,1169,750
59,hock_rear_left,572,656
59,hock_rear_right,440,643
59,hoof_front_left,902,900
59,hoof_front_right,1192,933
59,hoof_rear_left,695,896
59,hoof_rear_right,496,910
60,nose,1661,473
60,poll,1533,276
60,withers,1200,247
60,spine_1,1061,228
60,spine_2,904,206
60,spine_3,695,191
60,hip,543,280
60,tail_base,467,247
60,knee_front_left,1013,760
60,knee_front_right,1170,748
60,hock_rear_left,615,666
60,hock_rear_right,434,643
60,hoof_front_left,933,888
60,hoof_front_right,1192,935
60,hoof_rear_left,755,900
60,hoof_rear_right,477,914
61,nose,1659,475
61,poll,1525,280
61,withers,1207,245
61,spine_1,1075,228
61,spine_2,915,202
61,spine_3,713,196
61,hip,539,282
61,tail_base,463,255
61,knee_front_left,1030,744
61,knee_front_right,1159,742
61,hock_rear_left,602,670
61,hock_rear_right,432,639
61,hoof_front_left,929,888
61,hoof_front_right,1190,933
61,hoof_rear_left,755,908
61,hoof_rear_right,483,914
62,nose,1667,477
62,poll,1531,274
62,withers,1204,237
62,spine_1,1067,218
62,spine_2,919,202
62,spine_3,705,196
62,hip,545,280
62,tail_base,473,243
62,knee_front_left,1075,738
62,knee_front_right,1165,738
62,hock_rear_left,650,662
62,hock_rear_right,434,633
62,hoof_front_left,956,883
62,hoof_front_right,1165,931
62,hoof_rear_left,796,914
62,hoof_rear_right,490,914
63,nose,1671,475
63,poll,1541,272
63,withers,1221,241
63,spine_1,1075,218
63,spine_2,925,202
63,spine_3,709,191
63,hip,561,272
63,tail_base,481,243
63,knee_front_left,1096,766
63,knee_front_right,1161,744
63,hock_rear_left,679,682
63,hock_rear_right,438,629
63,hoof_front_left,997,892
63,hoof_front_right,1165,927
63,hoof_rear_left,833,910
63,hoof_rear_right,477,906
64,nose,1675,473
64,poll,1550,274
64,withers,1235,241
64,spine_1,1106,216
64,spine_2,931,202
64,spine_3,713,192
64,hip,561,278
64,tail_base,471,247
64,knee_front_left,1131,742
64,knee_front_right,1151,752
64,hock_rear_left,689,688
64,hock_rear_right,428,656
64,hoof_front_left,1046,879
64,hoof_front_right,1165,925
64,hoof_rear_left,849,904
64,hoof_rear_right,465,900
65,nose,1685,475
65,poll,1558,274
65,withers,1246,231
65,spine_1,1110,216
65,spine_2,964,194
65,spine_3,746,187
65,hip,570,276
65,tail_base,490,249
65,knee_front_left,1200,740
65,knee_front_right,1145,766
65,hock_rear_left,683,678
65,hock_rear_right,428,629
65,hoof_front_left,1096,894
65,hoof_front_right,1155,925
65,hoof_rear_left,841,910
65,hoof_rear_right,450,900
66,nose,1695,477
66,poll,1568,272
66,withers,1254,228
66,spine_1,1137,210
66,spine_2,964,194
66,spine_3,740,198
66,hip,578,278
66,tail_base,498,247
66,knee_front_left,1243,715
66,knee_front_right,1131,738
66,hock_rear_left,672,684
66,hock_rear_right,420,635
66,hoof_front_left,1186,879
66,hoof_front_right,1141,927
66,hoof_rear_left,826,910
66,hoof_rear_right,446,898
67,nose,1700,491
67,poll,1572,280
67,withers,1270,233
67,spine_1,1133,206
67,spine_2,956,196
67,spine_3,755,192
67,hip,594,274
67,tail_base,510,255
67,knee_front_left,1272,719
67,knee_front_right,1131,732
67,hock_rear_left,664,680
67,hock_rear_right,434,633
67,hoof_front_left,1235,885
67,hoof_front_right,1145,924
67,hoof_rear_left,822,910
67,hoof_rear_right,434,904
68,nose,1700,497
68,poll,1580,288
68,withers,1282,233
68,spine_1,1182,208
68,spine_2,1003,192
68,spine_3,775,202
68,hip,607,284
68,tail_base,512,247
68,knee_front_left,1303,721
68,knee_front_right,1122,738
68,hock_rear_left,660,684
68,hock_rear_right,450,629
68,hoof_front_left,1297,890
68,hoof_front_right,1124,920
68,hoof_rear_left,806,906
68,hoof_rear_right,414,887
69,nose,1708,506
69,poll,1582,298
69,withers,1276,237
69,spine_1,1141,214
69,spine_2,968,196
69,spine_3,777,194
69,hip,607,272
69,tail_base,527,239
69,knee_front_left,1324,709
69,knee_front_right,1120,725
69,hock_rear_left,650,680
69,hock_rear_right,438,625
69,hoof_front_left,1354,892
69,hoof_front_right,1116,922
69,hoof_rear_left,796,904
69,hoof_rear_right,403,890
70,nose,1718,502
70,poll,1582,296
70,withers,1289,233
70,spine_1,1145,206
70,spine_2,970,198
70,spine_3,775,192
70,hip,607,278
70,tail_base,522,237
70,knee_front_left,1346,711
70,knee_front_right,1116,732
70,hock_rear_left,641,676
70,hock_rear_right,436,621
70,hoof_front_left,1391,896
70,hoof_front_right,1102,916
70,hoof_rear_left,789,904
70,hoof_rear_right,391,892
71,nose,1726,495
71,poll,1589,298
71,withers,1280,231
71,spine_1,1145,210
71,spine_2,983,196
71,spine_3,785,192
71,hip,602,286
71,tail_base,518,243
71,knee_front_left,1359,713
71,knee_front_right,1108,727
71,hock_rear_left,629,670
71,hock_rear_right,440,621
71,hoof_front_left,1408,904
71,hoof_front_right,1087,912
71,hoof_rear_left,781,906
71,hoof_rear_right,385,887
72,nose,1732,493
72,poll,1593,294
72,withers,1282,231
72,spine_1,1139,212
72,spine_2,968,196
72,spine_3,775,181
72,hip,627,276
72,tail_base,539,218
72,knee_front_left,1367,725
72,knee_front_right,1100,731
72,hock_rear_left,623,666
72,hock_rear_right,434,608
72,hoof_front_left,1416,906
72,hoof_front_right,1077,912
72,hoof_rear_left,761,902
72,hoof_rear_right,385,887
73,nose,1737,485
73,poll,1597,292
73,withers,1295,237
73,spine_1,1155,214
73,spine_2,978,198
73,spine_3,794,179
73,hip,635,282
73,tail_base,539,222
73,knee_front_left,1357,734
73,knee_front_right,1100,721
73,hock_rear_left,611,649
73,hock_rear_right,440,612
73,hoof_front_left,1418,912
73,hoof_front_right,1073,914
73,hoof_rear_left,748,898
73,hoof_rear_right,385,871
74,nose,1741,483
74,poll,1603,282
74,withers,1315,231
74,spine_1,1178,206
74,spine_2,1018,192
74,spine_3,812,179
74,hip,639,265
74,tail_base,543,220
74,knee_front_left,1346,744
74,knee_front_right,1079,732
74,hock_rear_left,615,653
74,hock_rear_right,444,608
74,hoof_front_left,1410,910
74,hoof_front_right,1067,912
74,hoof_rear_left,740,904
74,hoof_rear_right,399,863
75,nose,1753,479
75,poll,1617,272
75,withers,1295,224
75,spine_1,1174,204
75,spine_2,1015,191
75,spine_3,802,177
75,hip,639,257
75,tail_base,549,218
75,knee_front_left,1340,736
75,knee_front_right,1089,715
75,hock_rear_left,602,651
75,hock_rear_right,475,598
75,hoof_front_left,1396,902
75,hoof_front_right,1052,900
75,hoof_rear_left,736,892
75,hoof_rear_right,407,851
76,nose,1757,465
76,poll,1609,272
76,withers,1305,224
76,spine_1,1184,202
76,spine_2,1022,191
76,spine_3,831,183
76,hip,635,257
76,tail_base,553,212
76,knee_front_left,1332,736
76,knee_front_right,1081,715
76,hock_rear_left,598,647
76,hock_rear_right,481,594
76,hoof_front_left,1379,906
76,hoof_front_right,1040,902
76,hoof_rear_left,720,892
76,hoof_rear_right,450,846
77,nose,1761,462
77,poll,1622,263
77,withers,1317,224
77,spine_1,1161,200
77,spine_2,991,183
77,spine_3,804,171
77,hip,654,259
77,tail_base,557,210
77,knee_front_left,1324,731
77,knee_front_right,1075,725
77,hock_rear_left,596,649
77,hock_rear_right,510,588
77,hoof_front_left,1375,906
77,hoof_front_right,1036,898
77,hoof_rear_left,711,896
77,hoof_rear_right,489,869
78,nose,1765,454
78,poll,1630,251
78,withers,1287,216
78,spine_1,1159,198
78,spine_2,991,179
78,spine_3,826,169
78,hip,658,269
78,tail_base,563,202
78,knee_front_left,1309,729
78,knee_front_right,1071,715
78,hock_rear_left,613,645
78,hock_rear_right,531,584
78,hoof_front_left,1359,900
78,hoof_front_right,1017,883
78,hoof_rear_left,701,887
78,hoof_rear_right,559,869
79,nose,1771,446
79,poll,1624,241
79,withers,1313,216
79,spine_1,1172,191
79,spine_2,1020,173
79,spine_3,826,159
79,hip,646,255
79,tail_base,566,196
79,knee_front_left,1301,727
79,knee_front_right,1069,713
79,hock_rear_left,633,606
79,hock_rear_right,561,594
79,hoof_front_left,1354,900
79,hoof_front_right,1018,883
79,hoof_rear_left,685,873
79,hoof_rear_right,631,855
80,nose,1763,440
80,poll,1632,237
80,withers,1317,206
80,spine_1,1165,183
80,spine_2,1032,171
80,spine_3,831,159
80,hip,642,269
80,tail_base,563,204
80,knee_front_left,1303,719
80,knee_front_right,1083,695
80,hock_rear_left,580,612
80,hock_rear_right,605,621
80,hoof_front_left,1338,892
80,hoof_front_right,997,887
80,hoof_rear_left,668,879
80,hoof_rear_right,697,887
81,nose,1759,417
81,poll,1632,231
81,withers,1315,200
81,spine_1,1190,187
81,spine_2,1052,165
81,spine_3,845,159
81,hip,654,259
81,tail_base,565,196
81,knee_front_left,1295,715
81,knee_front_right,1116,713
81,hock_rear_left,574,606
81,hock_rear_right,627,616
81,hoof_front_left,1324,896
81,hoof_front_right,1013,865
81,hoof_rear_left,656,875
81,hoof_rear_right,748,887
82,nose,1772,423
82,poll,1640,224
82,withers,1311,200
82,spine_1,1174,183
82,spine_2,997,167
82,spine_3,818,155
82,hip,648,249
82,tail_base,559,194
82,knee_front_left,1283,725
82,knee_front_right,1143,725
82,hock_rear_left,580,600
82,hock_rear_right,664,629
82,hoof_front_left,1319,892
82,hoof_front_right,1018,863
82,hoof_rear_left,646,873
82,hoof_rear_right,822,885
83,nose,1776,417
83,poll,1624,218
83,withers,1336,200
83,spine_1,1200,179
83,spine_2,1028,165
83,spine_3,849,161
83,hip,635,261
83,tail_base,568,196
83,knee_front_left,1270,717
83,knee_front_right,1182,727
83,hock_rear_left,565,606
83,hock_rear_right,691,637
83,hoof_front_left,1301,887
83,hoof_front_right,1057,840
83,hoof_rear_left,641,869
83,hoof_rear_right,863,887
84,nose,1763,413
84,poll,1624,224
84,withers,1305,192
84,spine_1,1188,177
84,spine_2,1005,161
84,spine_3,828,154
84,hip,656,259
84,tail_base,572,192
84,knee_front_left,1270,707
84,knee_front_right,1202,729
84,hock_rear_left,555,612
84,hock_rear_right,713,641
84,hoof_front_left,1289,890
84,hoof_front_right,1094,848
84,hoof_rear_left,621,869
84,hoof_rear_right,894,892
85,nose,1765,411
85,poll,1638,216
85,withers,1322,198
85,spine_1,1176,173
85,spine_2,1048,159
85,spine_3,824,155
85,hip,648,257
85,tail_base,570,206
85,knee_front_left,1235,719
85,knee_front_right,1248,734
85,hock_rear_left,557,616
85,hock_rear_right,720,653
85,hoof_front_left,1262,887
85,hoof_front_right,1137,851
85,hoof_rear_left,603,869
85,hoof_rear_right,888,883
86,nose,1755,407
86,poll,1622,222
86,withers,1311,191
86,spine_1,1192,173
86,spine_2,1032,161
86,spine_3,839,157
86,hip,639,259
86,tail_base,566,206
86,knee_front_left,1229,721
86,knee_front_right,1272,725
86,hock_rear_left,543,612
86,hock_rear_right,703,641
86,hoof_front_left,1248,869
86,hoof_front_right,1194,869
86,hoof_rear_left,590,865
86,hoof_rear_right,868,894
87,nose,1769,423
87,poll,1632,222
87,withers,1336,194
87,spine_1,1221,171
87,spine_2,1057,155
87,spine_3,859,155
87,hip,642,255
87,tail_base,561,206
87,knee_front_left,1221,705
87,knee_front_right,1313,703
87,hock_rear_left,543,610
87,hock_rear_right,691,639
87,hoof_front_left,1244,900
87,hoof_front_right,1225,867
87,hoof_rear_left,570,877
87,hoof_rear_right,839,888
88,nose,1771,426
88,poll,1634,226
88,withers,1352,202
88,spine_1,1219,175
88,spine_2,1048,155
88,spine_3,855,157
88,hip,648,255
88,tail_base,576,192
88,knee_front_left,1206,725
88,knee_front_right,1332,695
88,hock_rear_left,526,614
88,hock_rear_right,679,647
88,hoof_front_left,1207,875
88,hoof_front_right,1291,871
88,hoof_rear_left,553,869
88,hoof_rear_right,835,892
89,nose,1763,442
89,poll,1632,237
89,withers,1332,194
89,spine_1,1192,171
89,spine_2,1040,155
89,spine_3,835,154
89,hip,648,259
89,tail_base,547,202
89,knee_front_left,1192,703
89,knee_front_right,1354,676
89,hock_rear_left,527,608
89,hock_rear_right,654,645
89,hoof_front_left,1192,883
89,hoof_front_right,1352,885
89,hoof_rear_left,524,863
89,hoof_rear_right,812,888
